Workbook

Sheet Transactions
A1: TransactionID | B1: UserCode | C1: UserCode_Clean | D1: Amount | E1: PartnerFee | F1: NetAmount | G1: Status
A2: TX001 | B2: SV001 | C2: =TRIM(B2) | D2: 120000 | E2: 1200 | F2: =D2-E2 | G2: Completed
A3: TX002 | B3: SV002 | C3: =TRIM(B3) | D3: 80000 | E3: 800 | F3: =D3-E3 | G3: Completed
A4: TX003 | B4: SV003 | C4: =TRIM(B4) | D4: 150000 | E4: 1500 | F4: =D4-E4 | G4: Completed
A5: TX004 | B5: SV004 | C5: =TRIM(B5) | D5: 60000 | E5: 600 | F5: =D5-E5 | G5: Completed
A6: TX005 | B6: SV005 | C6: =TRIM(B6) | D6: 100000 | E6: 1000 | F6: =D6-E6 | G6: Refunded

Sheet UserLookup
A1: UserCode | B1: UserName
A2: SV001 | B2: Nguyễn An
A3: SV002 | B3: Trần Bình
A4: SV003 | B4: Lê Chi
A5: SV004 | B5: Phạm Duy
A6: SV005 | B6: Hoàng Giang

Sheet Reconciliation
A1: TransactionID | B1: UserCode_Clean | C1: UserName_VLOOKUP | D1: Amount | E1: PartnerFee | F1: NetAmount
A2: =Transactions!A2 | B2: =TRIM(Transactions!B2) | C2: =VLOOKUP(B2,UserLookup!$A$2:$B$6,2,FALSE) | D2: =Transactions!D2 | E2: =Transactions!E2 | F2: =Transactions!F2
A3: =Transactions!A3 | B3: =TRIM(Transactions!B3) | C3: =VLOOKUP(B3,UserLookup!$A$2:$B$6,2,FALSE) | D3: =Transactions!D3 | E3: =Transactions!E3 | F3: =Transactions!F3
A4: =Transactions!A4 | B4: =TRIM(Transactions!B4) | C4: =VLOOKUP(B4,UserLookup!$A$2:$B$6,2,FALSE) | D4: =Transactions!D4 | E4: =Transactions!E4 | F4: =Transactions!F4
A5: =Transactions!A5 | B5: =TRIM(Transactions!B5) | C5: =VLOOKUP(B5,UserLookup!$A$2:$B$6,2,FALSE) | D5: =Transactions!D5 | E5: =Transactions!E5 | F5: =Transactions!F5
A6: =Transactions!A6 | B6: =TRIM(Transactions!B6) | C6: =VLOOKUP(B6,UserLookup!$A$2:$B$6,2,FALSE) | D6: =Transactions!D6 | E6: =Transactions!E6 | F6: =Transactions!F6
